,C50,KD1,KD2,cod,gamma,k_dissD,muD
0,1.7954272176322394e-07,1e-08,1e-08,0.9999925089476731,15.16678790344283,1.0,1.0
1,1.9027646104440666e-07,1e-08,1.1233240329780275e-08,0.9999923449136924,15.14359929370996,1.0,0.8902150854450386
2,2.0159423738045145e-07,1e-08,1.2618568830660204e-08,0.9999920749217853,15.108300510433903,1.0,0.7924828983539174
3,2.135671111906165e-07,1e-08,1.4174741629268054e-08,0.9999906587286047,15.039019096636926,1.0,0.7054802310718643
4,2.2609017607118035e-07,1e-08,1.5922827933410923e-08,0.99999061479953,14.901569568299779,1.0,0.6280291441834253
5,2.392832500286459e-07,1e-08,1.788649529057435e-08,0.999989436147256,14.755084215769458,1.0,0.5590810182512224
6,2.5313926879917214e-07,1e-08,2.0092330025650475e-08,0.9999877635146655,14.564756158887901,1.0,0.497702356433211
7,2.676211807627587e-07,1e-08,2.2570197196339203e-08,0.999985521940505,14.322873186488502,1.0,0.44306214575838804
8,2.8270173826741996e-07,1e-08,2.535364493970112e-08,0.9999825591690538,14.033505594152508,1.0,0.39442060594376555
9,2.983498459562809e-07,1e-08,2.8480358684358016e-08,0.9999782743239647,13.684895129576915,1.0,0.35111917342151316
10,3.1447115825626294e-07,1e-08,3.199267137797384e-08,0.9999721762119145,13.286639073108455,1.0,0.3125715849688236
11,3.309263033421807e-07,1e-08,3.593813663804628e-08,0.9999636613985013,12.817900060685892,1.0,0.2782559402207124
12,3.474155927918538e-07,1e-08,4.0370172585965546e-08,0.9999545791674413,12.279448814355467,1.0,0.24770763559917108
13,3.638132567048394e-07,1e-08,4.534878508128582e-08,0.9999403198832618,11.68118280307408,1.0,0.22051307399030456
14,3.7967688407023014e-07,1e-08,5.094138014816379e-08,0.9999209601279896,11.011138988951625,1.0,0.19630406500402708
15,3.9444560479720155e-07,1e-08,5.7223676593502175e-08,0.9998959012181284,10.285139393661927,1.0,0.17475284000076838
16,4.074901875592956e-07,1e-08,6.428073117284321e-08,0.9998628500503625,9.509558062294877,1.0,0.1555676143930472
17,4.1802397505551126e-07,1e-08,7.220809018385464e-08,0.9998195913687072,8.695264943069589,1.0,0.1384886371393873
18,4.249668283165831e-07,1e-08,8.11130830789687e-08,0.9997686436587507,7.8660112185171975,1.0,0.12328467394420663
19,4.2719222489130267e-07,1e-08,9.111627561154892e-08,0.9997141130710492,7.055125283905112,1.0,0.10974987654930562
20,4.2363014862394617e-07,1e-08,1.0235310218990263e-07,0.9996687136468112,6.289123576809796,1.0,0.09770099572992252
21,4.135184722290679e-07,1e-08,1.1497569953977356e-07,0.9996535153806085,5.607124529228272,1.0,0.08697490026177834
22,3.966686332249257e-07,1e-08,1.291549665014884e-07,0.9996889248842796,5.0417189637361846,1.0,0.0774263682681127
23,3.7417749619967415e-07,1e-08,1.4508287784959396e-07,0.9997669863754106,4.615797253054619,1.0,0.06892612104349698
24,3.47988455243505e-07,1e-08,1.629750834620644e-07,0.9998657695961748,4.333407329492169,1.0,0.061359072734131735
25,3.205502527200384e-07,1e-08,1.830738280295368e-07,0.9999436067901014,4.188342380350228,1.0,0.05462277217684342
26,2.939689323630412e-07,1e-08,2.0565123083486517e-07,0.9999855727512496,4.161369393640199,1.0,0.04862601580065353
27,2.6990591736383133e-07,1e-08,2.3101297000831593e-07,0.9999967263157336,4.230465211117268,1.0,0.04328761281083059
28,2.490204973739098e-07,1e-08,2.595024211399736e-07,0.9999944272391488,4.364156358776315,1.0,0.0385352859371053
29,2.3131003869841917e-07,1e-08,2.915053062825176e-07,0.9999916161282629,4.537589720002087,1.0,0.03430469286314919
30,2.166107155750162e-07,1e-08,3.274549162877728e-07,0.9999912181349764,4.730242284978547,1.0,0.030538555088334158
31,2.0440707728942023e-07,1e-08,3.6783797718286325e-07,0.9999931919507852,4.929401590921293,1.0,0.027185882427329413
32,1.9421592466679758e-07,1e-08,4.132012400115337e-07,0.9999952805333806,5.124057706830088,1.0,0.02420128264794382
33,1.8576603368990747e-07,1e-08,4.64158883361278e-07,0.9999971210553205,5.311798616861976,1.0,0.021544346900318832
34,1.7870944413819375e-07,1e-08,5.214008287999684e-07,0.9999982646141639,5.489479609160597,1.0,0.01917910261672489
35,1.7280614284335003e-07,1e-08,5.857020818056667e-07,0.99999883547955,5.654679089815114,1.0,0.017073526474706904
36,1.6776906448695632e-07,1e-08,6.579332246575679e-07,0.9999988491091814,5.802798510371211,1.0,0.01519911082952934
37,1.6350035512085817e-07,1e-08,7.390722033525779e-07,0.9999983410920392,5.938300913098382,1.0,0.013530477745798068
38,1.598787374983663e-07,1e-08,8.302175681319744e-07,0.9999975109839045,6.0613909716997005,1.0,0.012045035402587823
39,1.5669050070185944e-07,1e-08,9.326033468832199e-07,0.9999970596038633,6.168595841291637,1.0,0.010722672220103232
40,1.539711854409598e-07,1e-08,1.0476157527896652e-06,0.9999963652503174,6.264648592973222,1.0,0.009545484566618337
41,1.516606144896401e-07,1e-08,1.1768119524349978e-06,0.9999951529639631,6.361334151468561,1.0,0.008497534359086447
42,1.4965538824750989e-07,1e-08,1.3219411484660288e-06,0.9999939535158339,6.437540459471546,1.0,0.00756463327554629
43,1.4789105990109693e-07,1e-08,1.4849682622544653e-06,0.9999933351524395,6.507239735195356,1.0,0.00673415065775082
44,1.4634213152497143e-07,1e-08,1.6681005372000593e-06,0.999992320783865,6.57253810643161,1.0,0.005994842503189408
45,1.4498887363565444e-07,1e-08,1.873817422860383e-06,0.999991630359426,6.629856806736542,1.0,0.005336699231206312
46,1.4380038347971527e-07,1e-08,2.1049041445120197e-06,0.9999909080814857,6.68134621193757,1.0,0.0047508101621027985
47,1.4275328764107947e-07,1e-08,2.364489412645407e-06,0.9999901936660863,6.7277985255977,1.0,0.004229242874389499
48,1.4181308365871374e-07,1e-08,2.656087782946687e-06,0.9999897708245382,6.771081370690067,1.0,0.003764935806792467
49,1.4097024419448047e-07,1e-08,2.98364724028334e-06,0.9999897704495624,6.806512128419343,1.0,0.003351602650938841
50,1.4025331602581347e-07,1e-08,3.351602650938841e-06,0.9999892695235715,6.8402476393183775,1.0,0.0029836472402833404
51,1.3964925767187502e-07,1e-08,3.7649358067924677e-06,0.999988396518588,6.869529059124173,1.0,0.0026560877829466863
52,1.3905514991614494e-07,1e-08,4.229242874389499e-06,0.9999886736803896,6.88802257324285,1.0,0.002364489412645407
53,1.3859166259282917e-07,1e-08,4.750810162102798e-06,0.9999879800984791,6.9110615064078225,1.0,0.00210490414451202
54,1.3816776825185265e-07,1e-08,5.336699231206308e-06,0.9999876674670701,6.931133816997773,1.0,0.0018738174228603848
55,1.3775670375061166e-07,1e-08,5.994842503189409e-06,0.9999878904486716,6.9483157678961796,1.0,0.0016681005372000592
56,1.3742549443378642e-07,1e-08,6.734150657750821e-06,0.9999873138610584,6.960413996774985,1.0,0.0014849682622544652
57,1.3713964154786707e-07,1e-08,7.564633275546291e-06,0.9999867954008463,6.977546336131521,1.0,0.0013219411484660288
58,1.3686004194527658e-07,1e-08,8.497534359086439e-06,0.9999869192837091,6.991183232685057,1.0,0.001176811952434999
59,1.366296765767165e-07,1e-08,9.545484566618338e-06,0.9999864721627789,7.001909749814674,1.0,0.001047615752789665
60,1.3642813304410166e-07,1e-08,1.0722672220103232e-05,0.999985859437193,7.006699490465217,1.0,0.0009326033468832199
61,1.3625055750763998e-07,1e-08,1.2045035402587824e-05,0.9999854918073577,7.016196670934206,1.0,0.0008302175681319744
62,1.3609065876593685e-07,1e-08,1.3530477745798062e-05,0.9999854761554783,7.027634056301776,1.0,0.0007390722033525783
63,1.3594294114550857e-07,1e-08,1.5199110829529332e-05,0.9999852854532876,7.0338972446866075,1.0,0.0006579332246575682
64,1.3581998256514697e-07,1e-08,1.7073526474706906e-05,0.9999852137284,7.043243777919603,1.0,0.0005857020818056666
65,1.3567455156131718e-07,1e-08,1.917910261672489e-05,0.9999857675801307,7.045484166010121,1.0,0.0005214008287999684
66,1.3556973437732986e-07,1e-08,2.1544346900318847e-05,0.999985532004455,7.04920474888311,1.0,0.0004641588833612777
67,1.354942102496784e-07,1e-08,2.4201282647943808e-05,0.9999851454506585,7.056379814324176,1.0,0.0004132012400115339
68,1.3541779331550354e-07,1e-08,2.7185882427329403e-05,0.9999848534944841,7.059964687418492,1.0,0.0003678379771828634
69,1.3534548558203343e-07,1e-08,3.0538555088334155e-05,0.9999846175923237,7.062697402325724,1.0,0.00032745491628777284
70,1.3528463763476405e-07,1e-08,3.4304692863149194e-05,0.9999844984091079,7.066901688970049,1.0,0.0002915053062825176
71,1.352258889830864e-07,1e-08,3.8535285937105275e-05,0.999984469537482,7.069488785020966,1.0,0.00025950242113997375
72,1.3516972676120246e-07,1e-08,4.328761281083057e-05,0.9999845065404666,7.07088243153226,1.0,0.00023101297000831605
73,1.3511043304904766e-07,1e-08,4.8626015800653536e-05,0.9999846098207879,7.069751968590596,1.0,0.00020565123083486514
74,1.350828105982286e-07,1e-08,5.462277217684343e-05,0.9999844004935926,7.074889312644275,1.0,0.00018307382802953677
75,1.3503464931643705e-07,1e-08,6.13590727341317e-05,0.9999845371261611,7.073817291757692,1.0,0.0001629750834620645
76,1.3502060552916144e-07,1e-08,6.892612104349695e-05,0.9999842424994837,7.079760114142026,1.0,0.00014508287784959403
77,1.349920720312123e-07,1e-08,7.74263682681127e-05,0.9999842267473985,7.081145307374227,1.0,0.0001291549665014884
78,1.349623029619846e-07,1e-08,8.697490026177834e-05,0.9999842794308564,7.081372409119743,1.0,0.00011497569953977356
79,1.3493061188717508e-07,1e-08,9.770099572992247e-05,0.9999843969915209,7.080330395271987,1.0,0.00010235310218990269
80,1.3492170515931513e-07,1e-08,0.00010974987654930568,0.9999842055232268,7.084035936682638,1.0,9.111627561154887e-05
81,1.3490410682582905e-07,1e-08,0.0001232846739442066,0.9999843491597709,7.0859604561462195,1.0,8.111308307896872e-05
82,1.3488808690685735e-07,1e-08,0.00013848863713938718,0.9999843341288328,7.08671621967914,1.0,7.220809018385471e-05
83,1.348827835520797e-07,1e-08,0.00015556761439304722,0.9999841705856091,7.089537461668473,1.0,6.428073117284319e-05
84,1.3486259772761687e-07,1e-08,0.0001747528400007683,0.9999842864930037,7.088317528804759,1.0,5.72236765935022e-05
85,1.3485222398214424e-07,1e-08,0.00019630406500402726,0.9999842574194191,7.089067807303758,1.0,5.094138014816375e-05
86,1.3483912352307924e-07,1e-08,0.00022051307399030456,0.9999841485600426,7.087995265341373,1.0,4.534878508128582e-05
87,1.3482070056067282e-07,1e-08,0.0002477076355991709,0.9999843392991694,7.086457319058411,1.0,4.037017258596558e-05
88,1.3481232482436043e-07,1e-08,0.0002782559402207126,0.9999843281964622,7.0866903997949455,1.0,3.5938136638046256e-05
89,1.3481373826627024e-07,1e-08,0.00031257158496882353,0.9999841786829881,7.088991872921001,1.0,3.199267137797385e-05
90,1.348039118392491e-07,1e-08,0.00035111917342151277,0.9999842162728634,7.088359913614722,1.0,2.8480358684358048e-05
91,1.3480343299341758e-07,1e-08,0.00039442060594376563,0.9999841097953186,7.089791014107754,1.0,2.5353644939701114e-05
92,1.348008067755751e-07,1e-08,0.00044306214575838776,0.9999840462435929,7.090504857681398,1.0,2.2570197196339216e-05
93,1.347846752327935e-07,1e-08,0.0004977023564332114,0.9999842566302557,7.088027963366461,1.0,2.0092330025650458e-05
94,1.3478567483408394e-07,1e-08,0.0005590810182512223,0.9999841820246601,7.089447493766719,1.0,1.7886495290574353e-05
95,1.347891790298948e-07,1e-08,0.0006280291441834246,0.9999840580030427,7.091299685993356,1.0,1.5922827933410938e-05
96,1.3478298235313236e-07,1e-08,0.0007054802310718645,0.9999841100218025,7.090738192991857,1.0,1.4174741629268048e-05
97,1.3476925293818756e-07,1e-08,0.000792482898353917,0.9999842804497981,7.0882568730473094,1.0,1.261856883066021e-05
98,1.3476682101236733e-07,1e-08,0.0008902150854450394,0.9999842784485646,7.08839876252327,1.0,1.1233240329780264e-05
99,1.3476458694894801e-07,1e-08,0.001,0.9999842756907458,7.088501831870463,1.0,1e-05
100,2.5638736058679143e-07,1e-08,1e-08,0.9999836132977298,13.412885186418796,10.0,1.0
101,2.7187116566115443e-07,1e-08,1.1233240329780275e-08,0.9999829591177258,13.396745866840337,10.0,0.8902150854450386
102,2.884318092277983e-07,1e-08,1.2618568830660204e-08,0.99998279024496,13.356676655244703,10.0,0.7924828983539174
103,3.062131656939702e-07,1e-08,1.4174741629268054e-08,0.9999813727292353,13.292344773710562,10.0,0.7054802310718643
104,3.2531454816474275e-07,1e-08,1.5922827933410923e-08,0.9999791039609713,13.208330530919717,10.0,0.6280291441834253
105,3.4576400313301706e-07,1e-08,1.788649529057435e-08,0.9999762604547667,13.098442093741706,10.0,0.5590810182512224
106,3.67709651556244e-07,1e-08,2.0092330025650475e-08,0.9999722587527075,12.933868756113531,10.0,0.497702356433211
107,3.9114578946739366e-07,1e-08,2.2570197196339203e-08,0.9999662746023881,12.743578065914502,10.0,0.44306214575838804
108,4.1615694247815043e-07,1e-08,2.535364493970112e-08,0.9999584800855956,12.507348193084422,10.0,0.39442060594376555
109,4.427385024988337e-07,1e-08,2.8480358684358016e-08,0.9999475051134172,12.216760710692673,10.0,0.35111917342151316
110,4.7090369183191813e-07,1e-08,3.199267137797384e-08,0.9999322914787696,11.872825347178594,10.0,0.3125715849688236
111,5.004956807282176e-07,1e-08,3.593813663804628e-08,0.9999122989344709,11.450494871611783,10.0,0.2782559402207124
112,5.313099264263744e-07,1e-08,4.0370172585965546e-08,0.9998846749138868,10.963993953630418,10.0,0.24770763559917108
113,5.629866971377684e-07,1e-08,4.534878508128582e-08,0.9998465175272447,10.397786502384875,10.0,0.22051307399030456
114,5.949383478537364e-07,1e-08,5.094138014816379e-08,0.9997946360591731,9.749746774433897,10.0,0.19630406500402708
115,6.262691283290954e-07,1e-08,5.7223676593502175e-08,0.9997245046921925,9.023219189303092,10.0,0.17475284000076838
116,6.555712677622238e-07,1e-08,6.428073117284321e-08,0.9996292234339417,8.221031583166774,10.0,0.1555676143930472
117,6.810180194660845e-07,1e-08,7.220809018385464e-08,0.9995050051181519,7.3740611235695,10.0,0.1384886371393873
118,6.997453552650227e-07,1e-08,8.11130830789687e-08,0.9993476582646607,6.491861791955485,10.0,0.12328467394420663
119,7.082451122779763e-07,1e-08,9.111627561154892e-08,0.9991686698625133,5.6146634341824155,10.0,0.10974987654930562
120,7.022286595029817e-07,1e-08,1.0235310218990263e-07,0.9990081104909987,4.786581851325944,10.0,0.09770099572992252
121,6.775550518554422e-07,1e-08,1.1497569953977356e-07,0.9989571849368473,4.057648602237831,10.0,0.08697490026177834
122,6.326571828502168e-07,1e-08,1.291549665014884e-07,0.9991147270893814,3.482104079177063,10.0,0.0774263682681127
123,5.708897263749499e-07,1e-08,1.4508287784959396e-07,0.9994506785653579,3.0897329151995274,10.0,0.06892612104349698
124,5.003763878098902e-07,1e-08,1.629750834620644e-07,0.9997595656223157,2.8860365152467473,10.0,0.061359072734131735
125,4.311171758253277e-07,1e-08,1.830738280295368e-07,0.9998467697821186,2.858537861849142,10.0,0.05462277217684342
126,3.707875276733498e-07,1e-08,2.0565123083486517e-07,0.9997706069939682,2.9834413207069135,10.0,0.04862601580065353
127,3.2249974965521103e-07,1e-08,2.3101297000831593e-07,0.9997145147865888,3.222580622454456,10.0,0.04328761281083059
128,2.855861073813103e-07,1e-08,2.595024211399736e-07,0.9997443444591503,3.5241974144840924,10.0,0.0385352859371053
129,2.575754784549905e-07,1e-08,2.915053062825176e-07,0.9998165884832708,3.84266554991247,10.0,0.03430469286314919
130,2.362210874246887e-07,1e-08,3.274549162877728e-07,0.9998832846006703,4.15330475840352,10.0,0.030538555088334158
131,2.1962405892938367e-07,1e-08,3.6783797718286325e-07,0.999930759010396,4.444766422790435,10.0,0.027185882427329413
132,2.0650596990458664e-07,1e-08,4.132012400115337e-07,0.9999604923265234,4.710741606243074,10.0,0.02420128264794382
133,1.9591763200519042e-07,1e-08,4.64158883361278e-07,0.9999777908755826,4.9515224408688985,10.0,0.021544346900318832
134,1.8735321398887105e-07,1e-08,5.214008287999684e-07,0.9999881083260496,5.171126474283182,10.0,0.01917910261672489
135,1.8030692257154036e-07,1e-08,5.857020818056667e-07,0.9999941075187261,5.370243395069132,10.0,0.017073526474706904
136,1.7441157407971314e-07,1e-08,6.579332246575679e-07,0.9999970144945056,5.545458938258441,10.0,0.01519911082952934
137,1.6947107146462366e-07,1e-08,7.390722033525779e-07,0.9999983011939959,5.7021539053281325,10.0,0.013530477745798068
138,1.6531910839209017e-07,1e-08,8.302175681319744e-07,0.9999984835517814,5.844434656086516,10.0,0.012045035402587823
139,1.6168704317684095e-07,1e-08,9.326033468832199e-07,0.999998600797336,5.96383421722673,10.0,0.010722672220103232
140,1.5862059917003578e-07,1e-08,1.0476157527896652e-06,0.9999981332132143,6.071868263904092,10.0,0.009545484566618337
141,1.559878605640331e-07,1e-08,1.1768119524349978e-06,0.9999974762403538,6.173682802119367,10.0,0.008497534359086447
142,1.5376871913683856e-07,1e-08,1.3219411484660288e-06,0.9999960685949788,6.2688075114425095,10.0,0.00756463327554629
143,1.518249312902211e-07,1e-08,1.4849682622544653e-06,0.9999952924830321,6.343067479791192,10.0,0.00673415065775082
144,1.501129432898731e-07,1e-08,1.6681005372000593e-06,0.9999943801967246,6.415339696655595,10.0,0.005994842503189408
145,1.486237979976312e-07,1e-08,1.873817422860383e-06,0.9999935545475008,6.478193591327104,10.0,0.005336699231206312
146,1.4731775130547247e-07,1e-08,2.1049041445120197e-06,0.9999928345908172,6.534472557472144,10.0,0.0047508101621027985
147,1.4617068626765475e-07,1e-08,2.364489412645407e-06,0.9999919691084589,6.584900593767112,10.0,0.004229242874389499
148,1.4514630895410734e-07,1e-08,2.656087782946687e-06,0.9999914643914646,6.631844958087979,10.0,0.003764935806792467
149,1.442203871849096e-07,1e-08,2.98364724028334e-06,0.9999914848411188,6.670572218291403,10.0,0.003351602650938841
150,1.4346960642654345e-07,1e-08,3.351602650938841e-06,0.9999903188502706,6.705214278473939,10.0,0.0029836472402833404
151,1.4278997672104181e-07,1e-08,3.7649358067924677e-06,0.9999898038990304,6.7397155917861244,10.0,0.0026560877829466863
152,1.4213847971986137e-07,1e-08,4.229242874389499e-06,0.9999902364256945,6.7569142811135405,10.0,0.002364489412645407
153,1.416325783014899e-07,1e-08,4.750810162102798e-06,0.9999895755164846,6.785310037174993,10.0,0.00210490414451202
154,1.4118317167734373e-07,1e-08,5.336699231206308e-06,0.9999890089846585,6.805395502478408,10.0,0.0018738174228603848
155,1.4072411015304815e-07,1e-08,5.994842503189409e-06,0.999989229790323,6.825027031117542,10.0,0.0016681005372000592
156,1.4039836606888428e-07,1e-08,6.734150657750821e-06,0.9999879311484479,6.838926960520345,10.0,0.0014849682622544652
157,1.4007806956398255e-07,1e-08,7.564633275546291e-06,0.9999876514699243,6.856881949356877,10.0,0.0013219411484660288
158,1.397539798245586e-07,1e-08,8.497534359086439e-06,0.9999882087239098,6.872694068564336,10.0,0.001176811952434999
159,1.39497901816708e-07,1e-08,9.545484566618338e-06,0.9999878726012482,6.883820306432122,10.0,0.001047615752789665
160,1.392865487616997e-07,1e-08,1.0722672220103232e-05,0.9999869738859617,6.890463090664492,10.0,0.0009326033468832199
161,1.3909273437177933e-07,1e-08,1.2045035402587824e-05,0.999986660995828,6.901116364359905,10.0,0.0008302175681319744
162,1.3892296937618335e-07,1e-08,1.3530477745798062e-05,0.9999865792110354,6.913791263423952,10.0,0.0007390722033525783
163,1.3876116493855564e-07,1e-08,1.5199110829529332e-05,0.9999864571789959,6.920616356902561,10.0,0.0006579332246575682
164,1.386090004298849e-07,1e-08,1.7073526474706906e-05,0.9999868224694175,6.9286554477469355,10.0,0.0005857020818056666
165,1.3847933587426718e-07,1e-08,1.917910261672489e-05,0.9999867861948815,6.934360340864518,10.0,0.0005214008287999684
166,1.3835542807574562e-07,1e-08,2.1544346900318847e-05,0.9999866602598967,6.935791368938702,10.0,0.0004641588833612777
167,1.3827638588603112e-07,1e-08,2.4201282647943808e-05,0.9999862667421051,6.944578169637494,10.0,0.0004132012400115339
168,1.38188177977814e-07,1e-08,2.7185882427329403e-05,0.9999860388175068,6.94748922285147,10.0,0.0003678379771828634
169,1.381129490591365e-07,1e-08,3.0538555088334155e-05,0.9999857232924352,6.951184909636487,10.0,0.00032745491628777284
170,1.3804490354137116e-07,1e-08,3.4304692863149194e-05,0.9999856392670236,6.955170863896613,10.0,0.0002915053062825176
171,1.3798142024105828e-07,1e-08,3.8535285937105275e-05,0.999985568802766,6.957832331298523,10.0,0.00025950242113997375
172,1.3792140776988794e-07,1e-08,4.328761281083057e-05,0.9999855733884258,6.959349186040434,10.0,0.00023101297000831605
173,1.378702482016132e-07,1e-08,4.8626015800653536e-05,0.9999855204052781,6.961235783297835,10.0,0.00020565123083486514
174,1.378186237950451e-07,1e-08,5.462277217684343e-05,0.9999855572296209,6.961375998421905,10.0,0.00018307382802953677
175,1.3779037121834923e-07,1e-08,6.13590727341317e-05,0.9999854174641253,6.966129845514191,10.0,0.0001629750834620645
176,1.3775684268518688e-07,1e-08,6.892612104349695e-05,0.9999853736801241,6.9681622330594815,10.0,0.00014508287784959403
177,1.3771363756662366e-07,1e-08,7.74263682681127e-05,0.9999854752031752,6.966469402389831,10.0,0.0001291549665014884
178,1.376926066776931e-07,1e-08,8.697490026177834e-05,0.9999853916827444,6.969526969591199,10.0,0.00011497569953977356
179,1.376616048725629e-07,1e-08,9.770099572992247e-05,0.9999854331401369,6.969026421623221,10.0,0.00010235310218990269
180,1.3763967376527292e-07,1e-08,0.00010974987654930568,0.9999854164277692,6.970066274822132,10.0,9.111627561154887e-05
181,1.3763753269302828e-07,1e-08,0.0001232846739442066,0.9999854415890516,6.976661001883792,10.0,8.111308307896872e-05
182,1.3762009540021665e-07,1e-08,0.00013848863713938718,0.9999854254588383,6.977441447858482,10.0,7.220809018385471e-05
183,1.3760812672059195e-07,1e-08,0.00015556761439304722,0.9999853685413539,6.979064290107173,10.0,6.428073117284319e-05
184,1.375911522684033e-07,1e-08,0.0001747528400007683,0.9999853910255768,6.9788516802194485,10.0,5.72236765935022e-05
185,1.3756970643842325e-07,1e-08,0.00019630406500402726,0.9999854661611871,6.976996965488432,10.0,5.094138014816375e-05
186,1.375651603127753e-07,1e-08,0.00022051307399030456,0.9999851913839872,6.9781522754464484,10.0,4.534878508128582e-05
187,1.375448944213424e-07,1e-08,0.0002477076355991709,0.9999854174039404,6.976469533454251,10.0,4.037017258596558e-05
188,1.375359857206296e-07,1e-08,0.0002782559402207126,0.9999854041759446,6.976759109155232,10.0,3.5938136638046256e-05
189,1.3754171172203623e-07,1e-08,0.00031257158496882353,0.9999852451025011,6.980549446125384,10.0,3.199267137797385e-05
190,1.3752527269530835e-07,1e-08,0.00035111917342151277,0.9999853956591924,6.978649498499909,10.0,2.8480358684358048e-05
191,1.37529591387753e-07,1e-08,0.00039442060594376563,0.9999853356284876,6.981932795849706,10.0,2.5353644939701114e-05
192,1.3752578634137514e-07,1e-08,0.00044306214575838776,0.9999853140608466,6.982615571039271,10.0,2.2570197196339216e-05
193,1.3751896313496083e-07,1e-08,0.0004977023564332114,0.9999851170656914,6.981290339288794,10.0,2.0092330025650458e-05
194,1.3751076960704948e-07,1e-08,0.0005590810182512223,0.9999851662262869,6.980468663246983,10.0,1.7886495290574353e-05
195,1.3750464133020016e-07,1e-08,0.0006280291441834246,0.9999851915001059,6.980048658671475,10.0,1.5922827933410938e-05
196,1.3749056832829834e-07,1e-08,0.0007054802310718645,0.999985300158906,6.977432947567959,10.0,1.4174741629268048e-05
197,1.3748754134581808e-07,1e-08,0.000792482898353917,0.9999852956376795,6.977572335758242,10.0,1.261856883066021e-05
198,1.3748485280022933e-07,1e-08,0.0008902150854450394,0.9999852942220293,6.977703722654956,10.0,1.1233240329780264e-05
199,1.3748244322748714e-07,1e-08,0.001,0.9999852919254509,6.977815708199717,10.0,1e-05
200,3.975794866303039e-07,1e-08,1e-08,0.9999990452071329,12.162802482091157,60.0,1.0
201,4.2134881642524796e-07,1e-08,1.1233240329780275e-08,0.9999989211798809,12.16886061263051,60.0,0.8902150854450386
202,4.4646984408654444e-07,1e-08,1.2618568830660204e-08,0.9999989925048703,12.16019974358757,60.0,0.7924828983539174
203,4.731240081452311e-07,1e-08,1.4174741629268054e-08,0.9999988098235811,12.14817348139633,60.0,0.7054802310718643
204,5.012229021368118e-07,1e-08,1.5922827933410923e-08,0.9999987691090955,12.124201398241492,60.0,0.6280291441834253
205,5.310000592064706e-07,1e-08,1.788649529057435e-08,0.9999983770853874,12.102624691963305,60.0,0.5590810182512224
206,5.62390450946847e-07,1e-08,2.0092330025650475e-08,0.9999980965294633,12.06145507925072,60.0,0.497702356433211
207,5.955030997232438e-07,1e-08,2.2570197196339203e-08,0.9999974513172074,12.011877657030785,60.0,0.44306214575838804
208,6.30361424394404e-07,1e-08,2.535364493970112e-08,0.999996574603376,11.948041421808815,60.0,0.39442060594376555
209,6.670073777546762e-07,1e-08,2.8480358684358016e-08,0.9999952899343933,11.855276458982706,60.0,0.35111917342151316
210,7.053969417123219e-07,1e-08,3.199267137797384e-08,0.9999931050135842,11.737933039465812,60.0,0.3125715849688236
211,7.454735875718882e-07,1e-08,3.593813663804628e-08,0.9999895208627322,11.585613150183748,60.0,0.2782559402207124
212,7.870167768741285e-07,1e-08,4.0370172585965546e-08,0.9999836451951273,11.379350631413404,60.0,0.24770763559917108
213,8.297474013651563e-07,1e-08,4.534878508128582e-08,0.9999735337203055,11.114641070500237,60.0,0.22051307399030456
214,8.731495248582613e-07,1e-08,5.094138014816379e-08,0.9999559176443038,10.75646901766723,60.0,0.19630406500402708
215,9.164755734991757e-07,1e-08,5.7223676593502175e-08,0.999924158165806,10.298417287994653,60.0,0.17475284000076838
216,9.58184253429125e-07,1e-08,6.428073117284321e-08,0.9998683723213905,9.706699846130103,60.0,0.1555676143930472
217,9.963211259670545e-07,1e-08,7.220809018385464e-08,0.9997680498234899,8.956250794709085,60.0,0.1384886371393873
218,1.0272985775304634e-06,1e-08,8.11130830789687e-08,0.999596982208694,8.039404392870011,60.0,0.12328467394420663
219,1.0456833840699002e-06,1e-08,9.111627561154892e-08,0.999324536639887,6.976332566483319,60.0,0.10974987654930562
220,1.0439294703969713e-06,1e-08,1.0235310218990263e-07,0.9989487775067155,5.835346712784586,60.0,0.09770099572992252
221,1.0124528502594963e-06,1e-08,1.1497569953977356e-07,0.998554484772781,4.74534014304661,60.0,0.08697490026177834
222,9.442498437724152e-07,1e-08,1.291549665014884e-07,0.9983641478728328,3.8278674270477,60.0,0.0774263682681127
223,8.413582905140871e-07,1e-08,1.4508287784959396e-07,0.9986024165221155,3.1656130253881205,60.0,0.06892612104349698
224,7.176934051326229e-07,1e-08,1.629750834620644e-07,0.9991957123000436,2.770100108089198,60.0,0.061359072734131735
225,5.94235265233331e-07,1e-08,1.830738280295368e-07,0.9996984544156652,2.6089163106498967,60.0,0.05462277217684342
226,4.875626147909444e-07,1e-08,2.0565123083486517e-07,0.9998333013407711,2.643809748126298,60.0,0.04862601580065353
227,4.0471830788070265e-07,1e-08,2.3101297000831593e-07,0.9997602540006365,2.8331241092791526,60.0,0.04328761281083059
228,3.4420034260797134e-07,1e-08,2.595024211399736e-07,0.9997258365396609,3.127664294073231,60.0,0.0385352859371053
229,3.008439170413557e-07,1e-08,2.915053062825176e-07,0.9997764002801173,3.4684950382712723,60.0,0.03430469286314919
230,2.694406186883561e-07,1e-08,3.274549162877728e-07,0.99984996038822,3.814399489351761,60.0,0.030538555088334158
231,2.461400181025549e-07,1e-08,3.6783797718286325e-07,0.9999097590370406,4.143936254517911,60.0,0.027185882427329413
232,2.284039740007336e-07,1e-08,4.132012400115337e-07,0.9999495960933706,4.445209664298689,60.0,0.02420128264794382
233,2.14572302277671e-07,1e-08,4.64158883361278e-07,0.9999731036012244,4.71741970812225,60.0,0.021544346900318832
234,2.035614840391657e-07,1e-08,5.214008287999684e-07,0.9999864643899219,4.961812451511621,60.0,0.01917910261672489
235,1.9467231540534975e-07,1e-08,5.857020818056667e-07,0.9999936376551547,5.1815393319120275,60.0,0.017073526474706904
236,1.873617536680222e-07,1e-08,6.579332246575679e-07,0.999997099098394,5.376495712254159,60.0,0.01519911082952934
237,1.8130586678521676e-07,1e-08,7.390722033525779e-07,0.9999984830230673,5.5501840460314344,60.0,0.013530477745798068
238,1.762429493631393e-07,1e-08,8.302175681319744e-07,0.9999985947395393,5.706182637229712,60.0,0.012045035402587823
239,1.7194058545434661e-07,1e-08,9.326033468832199e-07,0.9999982205816921,5.841915612884423,60.0,0.010722672220103232
240,1.6828245052341698e-07,1e-08,1.0476157527896652e-06,0.9999974682719917,5.961142761659266,60.0,0.009545484566618337
241,1.6515960034130487e-07,1e-08,1.1768119524349978e-06,0.9999964970884512,6.069617206538164,60.0,0.008497534359086447
242,1.624756158135771e-07,1e-08,1.3219411484660288e-06,0.9999954496505283,6.166550209438324,60.0,0.00756463327554629
243,1.6015635965414298e-07,1e-08,1.4849682622544653e-06,0.9999943524346009,6.253528209899708,60.0,0.00673415065775082
244,1.5814838767183283e-07,1e-08,1.6681005372000593e-06,0.9999932397852956,6.331190924906002,60.0,0.005994842503189408
245,1.5640687451923027e-07,1e-08,1.873817422860383e-06,0.9999922821717018,6.399219610074385,60.0,0.005336699231206312
246,1.54889166470516e-07,1e-08,2.1049041445120197e-06,0.9999913477188533,6.459391904852735,60.0,0.0047508101621027985
247,1.5356144129145455e-07,1e-08,2.364489412645407e-06,0.9999904091881123,6.513430513700937,60.0,0.004229242874389499
248,1.5239396302445641e-07,1e-08,2.656087782946687e-06,0.999989724377485,6.562307983475414,60.0,0.003764935806792467
249,1.5135643150339488e-07,1e-08,2.98364724028334e-06,0.9999892621509148,6.603323715111457,60.0,0.003351602650938841
250,1.5046743126370443e-07,1e-08,3.351602650938841e-06,0.9999883928369427,6.641860466202163,60.0,0.0029836472402833404
251,1.4968868248439e-07,1e-08,3.7649358067924677e-06,0.9999877837547032,6.676160116006824,60.0,0.0026560877829466863
252,1.4897676615752607e-07,1e-08,4.229242874389499e-06,0.9999875911599103,6.703407679522476,60.0,0.002364489412645407
253,1.4835529457887316e-07,1e-08,4.750810162102798e-06,0.9999870160350417,6.729319450129902,60.0,0.00210490414451202
254,1.4783081481507533e-07,1e-08,5.336699231206308e-06,0.9999864899103256,6.753995655438977,60.0,0.0018738174228603848
255,1.473314808018476e-07,1e-08,5.994842503189409e-06,0.9999861181590239,6.772490287766791,60.0,0.0016681005372000592
256,1.4692235170245705e-07,1e-08,6.734150657750821e-06,0.9999856134453736,6.792410814616572,60.0,0.0014849682622544652
257,1.4655099860540552e-07,1e-08,7.564633275546291e-06,0.9999852484356551,6.810344057166524,60.0,0.0013219411484660288
258,1.4621186939226952e-07,1e-08,8.497534359086439e-06,0.9999852861989075,6.8250927681957965,60.0,0.001176811952434999
259,1.4591492391511765e-07,1e-08,9.545484566618338e-06,0.9999850189142014,6.838967289596028,60.0,0.001047615752789665
260,1.4564723042993579e-07,1e-08,1.0722672220103232e-05,0.9999846094590984,6.8471532381900735,60.0,0.0009326033468832199
261,1.4541451033526917e-07,1e-08,1.2045035402587824e-05,0.9999844426470864,6.857508249764496,60.0,0.0008302175681319744
262,1.452199369237073e-07,1e-08,1.3530477745798062e-05,0.9999841890212674,6.869295346377017,60.0,0.0007390722033525783
263,1.450360617997669e-07,1e-08,1.5199110829529332e-05,0.9999840134276357,6.877437518290811,60.0,0.0006579332246575682
264,1.448822315256184e-07,1e-08,1.7073526474706906e-05,0.9999839852331203,6.8878456568778335,60.0,0.0005857020818056666
265,1.4472658691499742e-07,1e-08,1.917910261672489e-05,0.9999840728078532,6.892439111410046,60.0,0.0005214008287999684
266,1.4460282209883583e-07,1e-08,2.1544346900318847e-05,0.999983609897629,6.898096927596834,60.0,0.0004641588833612777
267,1.444944610198763e-07,1e-08,2.4201282647943808e-05,0.9999835938381942,6.905466619930374,60.0,0.0004132012400115339
268,1.4439408142226317e-07,1e-08,2.7185882427329403e-05,0.9999834795978887,6.910135867701314,60.0,0.0003678379771828634
269,1.4430160146775502e-07,1e-08,3.0538555088334155e-05,0.9999832727716874,6.913026974034335,60.0,0.00032745491628777284
270,1.4422144903679222e-07,1e-08,3.4304692863149194e-05,0.9999832048255737,6.916730525274235,60.0,0.0002915053062825176
271,1.441505001055421e-07,1e-08,3.8535285937105275e-05,0.9999831458306608,6.920089129321668,60.0,0.00025950242113997375
272,1.440868572479803e-07,1e-08,4.328761281083057e-05,0.9999830914395778,6.922893010328701,60.0,0.00023101297000831605
273,1.4403027919564672e-07,1e-08,4.8626015800653536e-05,0.9999830132392015,6.9253425326968125,60.0,0.00020565123083486514
274,1.4397283816059963e-07,1e-08,5.462277217684343e-05,0.9999829520783567,6.925280070784956,60.0,0.00018307382802953677
275,1.439355207073389e-07,1e-08,6.13590727341317e-05,0.9999829317199149,6.9296711977668615,60.0,0.0001629750834620645
276,1.4389589509632625e-07,1e-08,6.892612104349695e-05,0.9999829003059181,6.931527238934517,60.0,0.00014508287784959403
277,1.4385463711896344e-07,1e-08,7.74263682681127e-05,0.9999828591552972,6.931231346734189,60.0,0.0001291549665014884
278,1.4382197680046593e-07,1e-08,8.697490026177834e-05,0.9999828299348238,6.9322806896027345,60.0,0.00011497569953977356
279,1.4380062842498505e-07,1e-08,9.770099572992247e-05,0.9999828208253234,6.935688238123017,60.0,0.00010235310218990269
280,1.4377840464020718e-07,1e-08,0.00010974987654930568,0.9999828905116659,6.9380054528372685,60.0,9.111627561154887e-05
281,1.4375671862207605e-07,1e-08,0.0001232846739442066,0.9999828923306283,6.939243678579319,60.0,8.111308307896872e-05
282,1.437362377044604e-07,1e-08,0.00013848863713938718,0.999982873608918,6.939899977000108,60.0,7.220809018385471e-05
283,1.4371926607159292e-07,1e-08,0.00015556761439304722,0.9999828549451497,6.940874168925654,60.0,6.428073117284319e-05
284,1.437035101136571e-07,1e-08,0.0001747528400007683,0.9999828358713748,6.941524071704157,60.0,5.72236765935022e-05
285,1.43687579153793e-07,1e-08,0.00019630406500402726,0.9999827292926845,6.941163679078508,60.0,5.094138014816375e-05
286,1.4367040900943382e-07,1e-08,0.00022051307399030456,0.999982820650106,6.940600035853205,60.0,4.534878508128582e-05
287,1.436666467864535e-07,1e-08,0.0002477076355991709,0.9999828265822469,6.943436034927896,60.0,4.037017258596558e-05
288,1.4365074514908637e-07,1e-08,0.0002782559402207126,0.9999828061372089,6.941918792262813,60.0,3.5938136638046256e-05
289,1.4364807474133297e-07,1e-08,0.00031257158496882353,0.9999828099381047,6.944261641642574,60.0,3.199267137797385e-05
290,1.4363894053507558e-07,1e-08,0.00035111917342151277,0.999982802002702,6.944179855408383,60.0,2.8480358684358048e-05
291,1.4363129381238554e-07,1e-08,0.00039442060594376563,0.9999826907874353,6.943886603182833,60.0,2.5353644939701114e-05
292,1.436248631684656e-07,1e-08,0.00044306214575838776,0.999982685327794,6.9440775936304515,60.0,2.2570197196339216e-05
293,1.4361933338265891e-07,1e-08,0.0004977023564332114,0.9999826811841172,6.944316778183343,60.0,2.0092330025650458e-05
294,1.436070440223027e-07,1e-08,0.0005590810182512223,0.9999826642394727,6.942165654661084,60.0,1.7886495290574353e-05
295,1.436027760694421e-07,1e-08,0.0006280291441834246,0.9999826604870496,6.9423782552584345,60.0,1.5922827933410938e-05
296,1.4360628403309725e-07,1e-08,0.0007054802310718645,0.9999826696488531,6.944922070234879,60.0,1.4174741629268048e-05
297,1.4359603520054366e-07,1e-08,0.000792482898353917,0.9999826557590646,6.9428901456649745,60.0,1.261856883066021e-05
298,1.4359296787296692e-07,1e-08,0.0008902150854450394,0.9999826530376027,6.943023373302074,60.0,1.1233240329780264e-05
299,1.4359020277774038e-07,1e-08,0.001,0.9999826502289015,6.943139748833828,60.0,1e-05
